{
  "description": "Complete Synthetic Ascension EHR Generation Pipeline - All 50+ Agents",
  "name": "SyntheticAscension_Complete_Pipeline",
  "id": "d8cb8405-fd9f-4759-9631-11c2ce6d5082",
  "data": {
    "nodes": [
      {
        "id": "0f11a728-811c-497a-b9a8-22e57652b190",
        "type": "genericNode",
        "position": {
          "x": 150,
          "y": 100
        },
        "data": {
          "type": "CustomComponent",
          "node": {
            "template": {
              "phase_name": {
                "required": true,
                "value": "Phase 1: Literature Mining & Research",
                "type": "str",
                "display_name": "Phase Name"
              },
              "phase_index": {
                "required": true,
                "value": 0,
                "type": "int",
                "display_name": "Phase Index"
              },
              "input_data": {
                "required": true,
                "value": "",
                "type": "str",
                "display_name": "Input Data"
              }
            },
            "description": "Synthetic Ascension Phase 1: Literature Mining & Research",
            "display_name": "Phase 1: Literature Mining & Research",
            "outputs": [
              {
                "types": [
                  "Data"
                ],
                "name": "phase_output",
                "display_name": "Phase Output"
              }
            ]
          },
          "id": "0f11a728-811c-497a-b9a8-22e57652b190"
        },
        "selected": false,
        "positionAbsolute": {
          "x": 150,
          "y": 100
        }
      },
      {
        "id": "508c3800-83c1-43d9-9889-a94a041b7a36",
        "type": "genericNode",
        "position": {
          "x": 150,
          "y": 300
        },
        "data": {
          "type": "CustomComponent",
          "node": {
            "template": {
              "phase_name": {
                "required": true,
                "value": "Phase 2: Cohort Construction",
                "type": "str",
                "display_name": "Phase Name"
              },
              "phase_index": {
                "required": true,
                "value": 1,
                "type": "int",
                "display_name": "Phase Index"
              },
              "input_data": {
                "required": true,
                "value": "",
                "type": "str",
                "display_name": "Input Data"
              }
            },
            "description": "Synthetic Ascension Phase 2: Cohort Construction",
            "display_name": "Phase 2: Cohort Construction",
            "outputs": [
              {
                "types": [
                  "Data"
                ],
                "name": "phase_output",
                "display_name": "Phase Output"
              }
            ]
          },
          "id": "508c3800-83c1-43d9-9889-a94a041b7a36"
        },
        "selected": false,
        "positionAbsolute": {
          "x": 150,
          "y": 300
        }
      },
      {
        "id": "2bb50f9c-0ae3-4982-80fd-e3463b8ba3be",
        "type": "genericNode",
        "position": {
          "x": 150,
          "y": 500
        },
        "data": {
          "type": "CustomComponent",
          "node": {
            "template": {
              "phase_name": {
                "required": true,
                "value": "Phase 3: Clinical Journey Generation",
                "type": "str",
                "display_name": "Phase Name"
              },
              "phase_index": {
                "required": true,
                "value": 2,
                "type": "int",
                "display_name": "Phase Index"
              },
              "input_data": {
                "required": true,
                "value": "",
                "type": "str",
                "display_name": "Input Data"
              }
            },
            "description": "Synthetic Ascension Phase 3: Clinical Journey Generation",
            "display_name": "Phase 3: Clinical Journey Generation",
            "outputs": [
              {
                "types": [
                  "Data"
                ],
                "name": "phase_output",
                "display_name": "Phase Output"
              }
            ]
          },
          "id": "2bb50f9c-0ae3-4982-80fd-e3463b8ba3be"
        },
        "selected": false,
        "positionAbsolute": {
          "x": 150,
          "y": 500
        }
      },
      {
        "id": "20523221-ebc1-4217-af4d-4b8cffb50010",
        "type": "genericNode",
        "position": {
          "x": 150,
          "y": 700
        },
        "data": {
          "type": "CustomComponent",
          "node": {
            "template": {
              "phase_name": {
                "required": true,
                "value": "Phase 4: Data Robustness Enhancement",
                "type": "str",
                "display_name": "Phase Name"
              },
              "phase_index": {
                "required": true,
                "value": 3,
                "type": "int",
                "display_name": "Phase Index"
              },
              "input_data": {
                "required": true,
                "value": "",
                "type": "str",
                "display_name": "Input Data"
              }
            },
            "description": "Synthetic Ascension Phase 4: Data Robustness Enhancement",
            "display_name": "Phase 4: Data Robustness Enhancement",
            "outputs": [
              {
                "types": [
                  "Data"
                ],
                "name": "phase_output",
                "display_name": "Phase Output"
              }
            ]
          },
          "id": "20523221-ebc1-4217-af4d-4b8cffb50010"
        },
        "selected": false,
        "positionAbsolute": {
          "x": 150,
          "y": 700
        }
      },
      {
        "id": "3b1d4631-6247-4006-9893-727b8d8bb966",
        "type": "genericNode",
        "position": {
          "x": 150,
          "y": 900
        },
        "data": {
          "type": "CustomComponent",
          "node": {
            "template": {
              "phase_name": {
                "required": true,
                "value": "Phase 5: QA & Validation",
                "type": "str",
                "display_name": "Phase Name"
              },
              "phase_index": {
                "required": true,
                "value": 4,
                "type": "int",
                "display_name": "Phase Index"
              },
              "input_data": {
                "required": true,
                "value": "",
                "type": "str",
                "display_name": "Input Data"
              }
            },
            "description": "Synthetic Ascension Phase 5: QA & Validation",
            "display_name": "Phase 5: QA & Validation",
            "outputs": [
              {
                "types": [
                  "Data"
                ],
                "name": "phase_output",
                "display_name": "Phase Output"
              }
            ]
          },
          "id": "3b1d4631-6247-4006-9893-727b8d8bb966"
        },
        "selected": false,
        "positionAbsolute": {
          "x": 150,
          "y": 900
        }
      },
      {
        "id": "6d561f25-4852-42ea-b579-3dfdb44db578",
        "type": "genericNode",
        "position": {
          "x": 150,
          "y": 1100
        },
        "data": {
          "type": "CustomComponent",
          "node": {
            "template": {
              "phase_name": {
                "required": true,
                "value": "Phase 6: Reporting & Export",
                "type": "str",
                "display_name": "Phase Name"
              },
              "phase_index": {
                "required": true,
                "value": 5,
                "type": "int",
                "display_name": "Phase Index"
              },
              "input_data": {
                "required": true,
                "value": "",
                "type": "str",
                "display_name": "Input Data"
              }
            },
            "description": "Synthetic Ascension Phase 6: Reporting & Export",
            "display_name": "Phase 6: Reporting & Export",
            "outputs": [
              {
                "types": [
                  "Data"
                ],
                "name": "phase_output",
                "display_name": "Phase Output"
              }
            ]
          },
          "id": "6d561f25-4852-42ea-b579-3dfdb44db578"
        },
        "selected": false,
        "positionAbsolute": {
          "x": 150,
          "y": 1100
        }
      }
    ],
    "edges": [
      {
        "source": "0f11a728-811c-497a-b9a8-22e57652b190",
        "sourceHandle": "0f11a728-811c-497a-b9a8-22e57652b190-output",
        "target": "508c3800-83c1-43d9-9889-a94a041b7a36",
        "targetHandle": "508c3800-83c1-43d9-9889-a94a041b7a36-input",
        "type": "smoothstep",
        "id": "abacf9a0-a6ea-405d-8981-f3dc898327e3",
        "data": {
          "targetHandle": {
            "fieldName": "input_data",
            "id": "508c3800-83c1-43d9-9889-a94a041b7a36",
            "inputTypes": [
              "Data"
            ],
            "type": "str"
          },
          "sourceHandle": {
            "fieldName": "phase_output",
            "id": "0f11a728-811c-497a-b9a8-22e57652b190",
            "outputTypes": [
              "Data"
            ],
            "type": "Data"
          }
        },
        "selected": false
      },
      {
        "source": "508c3800-83c1-43d9-9889-a94a041b7a36",
        "sourceHandle": "508c3800-83c1-43d9-9889-a94a041b7a36-output",
        "target": "2bb50f9c-0ae3-4982-80fd-e3463b8ba3be",
        "targetHandle": "2bb50f9c-0ae3-4982-80fd-e3463b8ba3be-input",
        "type": "smoothstep",
        "id": "aff1bd4f-2ad1-4543-ac0d-16b3b1dc195d",
        "data": {
          "targetHandle": {
            "fieldName": "input_data",
            "id": "2bb50f9c-0ae3-4982-80fd-e3463b8ba3be",
            "inputTypes": [
              "Data"
            ],
            "type": "str"
          },
          "sourceHandle": {
            "fieldName": "phase_output",
            "id": "508c3800-83c1-43d9-9889-a94a041b7a36",
            "outputTypes": [
              "Data"
            ],
            "type": "Data"
          }
        },
        "selected": false
      },
      {
        "source": "2bb50f9c-0ae3-4982-80fd-e3463b8ba3be",
        "sourceHandle": "2bb50f9c-0ae3-4982-80fd-e3463b8ba3be-output",
        "target": "20523221-ebc1-4217-af4d-4b8cffb50010",
        "targetHandle": "20523221-ebc1-4217-af4d-4b8cffb50010-input",
        "type": "smoothstep",
        "id": "b7b52ecb-410d-485b-89a6-c547f0fa3860",
        "data": {
          "targetHandle": {
            "fieldName": "input_data",
            "id": "20523221-ebc1-4217-af4d-4b8cffb50010",
            "inputTypes": [
              "Data"
            ],
            "type": "str"
          },
          "sourceHandle": {
            "fieldName": "phase_output",
            "id": "2bb50f9c-0ae3-4982-80fd-e3463b8ba3be",
            "outputTypes": [
              "Data"
            ],
            "type": "Data"
          }
        },
        "selected": false
      },
      {
        "source": "20523221-ebc1-4217-af4d-4b8cffb50010",
        "sourceHandle": "20523221-ebc1-4217-af4d-4b8cffb50010-output",
        "target": "3b1d4631-6247-4006-9893-727b8d8bb966",
        "targetHandle": "3b1d4631-6247-4006-9893-727b8d8bb966-input",
        "type": "smoothstep",
        "id": "3b029203-4ea8-48ea-be7c-2cc282014cf0",
        "data": {
          "targetHandle": {
            "fieldName": "input_data",
            "id": "3b1d4631-6247-4006-9893-727b8d8bb966",
            "inputTypes": [
              "Data"
            ],
            "type": "str"
          },
          "sourceHandle": {
            "fieldName": "phase_output",
            "id": "20523221-ebc1-4217-af4d-4b8cffb50010",
            "outputTypes": [
              "Data"
            ],
            "type": "Data"
          }
        },
        "selected": false
      },
      {
        "source": "3b1d4631-6247-4006-9893-727b8d8bb966",
        "sourceHandle": "3b1d4631-6247-4006-9893-727b8d8bb966-output",
        "target": "6d561f25-4852-42ea-b579-3dfdb44db578",
        "targetHandle": "6d561f25-4852-42ea-b579-3dfdb44db578-input",
        "type": "smoothstep",
        "id": "cd6aa566-4a43-4c7a-ba7f-e05a158c2038",
        "data": {
          "targetHandle": {
            "fieldName": "input_data",
            "id": "6d561f25-4852-42ea-b579-3dfdb44db578",
            "inputTypes": [
              "Data"
            ],
            "type": "str"
          },
          "sourceHandle": {
            "fieldName": "phase_output",
            "id": "3b1d4631-6247-4006-9893-727b8d8bb966",
            "outputTypes": [
              "Data"
            ],
            "type": "Data"
          }
        },
        "selected": false
      }
    ],
    "viewport": {
      "x": 0,
      "y": 0,
      "zoom": 0.7
    }
  },
  "is_component": false,
  "updated_at": "2025-07-02T01:46:12.636420",
  "folder_id": null,
  "endpoint_name": null
}