{
  "description": "Complete Synthetic Ascension EHR Generation Pipeline - All 50+ Agents",
  "name": "SyntheticAscension_Complete_Pipeline",
  "id": "e331e614-a5fa-42b1-93d4-d3c26eac3c32",
  "data": {
    "nodes": [
      {
        "id": "1d386e06-a71d-4550-a20a-201aa241c27f",
        "type": "genericNode",
        "position": {
          "x": 150,
          "y": 100
        },
        "data": {
          "type": "CustomComponent",
          "node": {
            "template": {
              "phase_name": {
                "required": true,
                "value": "Phase 1: Literature Mining & Research",
                "type": "str",
                "display_name": "Phase Name"
              },
              "phase_index": {
                "required": true,
                "value": 0,
                "type": "int",
                "display_name": "Phase Index"
              },
              "input_data": {
                "required": true,
                "value": "",
                "type": "str",
                "display_name": "Input Data"
              }
            },
            "description": "Synthetic Ascension Phase 1: Literature Mining & Research",
            "display_name": "Phase 1: Literature Mining & Research",
            "outputs": [
              {
                "types": [
                  "Data"
                ],
                "name": "phase_output",
                "display_name": "Phase Output"
              }
            ]
          },
          "id": "1d386e06-a71d-4550-a20a-201aa241c27f"
        },
        "selected": false,
        "positionAbsolute": {
          "x": 150,
          "y": 100
        }
      },
      {
        "id": "aa9c3845-36ca-4f6e-b675-b20000e935ac",
        "type": "genericNode",
        "position": {
          "x": 150,
          "y": 300
        },
        "data": {
          "type": "CustomComponent",
          "node": {
            "template": {
              "phase_name": {
                "required": true,
                "value": "Phase 2: Cohort Construction",
                "type": "str",
                "display_name": "Phase Name"
              },
              "phase_index": {
                "required": true,
                "value": 1,
                "type": "int",
                "display_name": "Phase Index"
              },
              "input_data": {
                "required": true,
                "value": "",
                "type": "str",
                "display_name": "Input Data"
              }
            },
            "description": "Synthetic Ascension Phase 2: Cohort Construction",
            "display_name": "Phase 2: Cohort Construction",
            "outputs": [
              {
                "types": [
                  "Data"
                ],
                "name": "phase_output",
                "display_name": "Phase Output"
              }
            ]
          },
          "id": "aa9c3845-36ca-4f6e-b675-b20000e935ac"
        },
        "selected": false,
        "positionAbsolute": {
          "x": 150,
          "y": 300
        }
      },
      {
        "id": "4b708985-98f5-4cc9-a1ca-76c7e092ec65",
        "type": "genericNode",
        "position": {
          "x": 150,
          "y": 500
        },
        "data": {
          "type": "CustomComponent",
          "node": {
            "template": {
              "phase_name": {
                "required": true,
                "value": "Phase 3: Clinical Journey Generation",
                "type": "str",
                "display_name": "Phase Name"
              },
              "phase_index": {
                "required": true,
                "value": 2,
                "type": "int",
                "display_name": "Phase Index"
              },
              "input_data": {
                "required": true,
                "value": "",
                "type": "str",
                "display_name": "Input Data"
              }
            },
            "description": "Synthetic Ascension Phase 3: Clinical Journey Generation",
            "display_name": "Phase 3: Clinical Journey Generation",
            "outputs": [
              {
                "types": [
                  "Data"
                ],
                "name": "phase_output",
                "display_name": "Phase Output"
              }
            ]
          },
          "id": "4b708985-98f5-4cc9-a1ca-76c7e092ec65"
        },
        "selected": false,
        "positionAbsolute": {
          "x": 150,
          "y": 500
        }
      },
      {
        "id": "4fa98a0e-4682-4654-98b1-dda2a352949f",
        "type": "genericNode",
        "position": {
          "x": 150,
          "y": 700
        },
        "data": {
          "type": "CustomComponent",
          "node": {
            "template": {
              "phase_name": {
                "required": true,
                "value": "Phase 4: Data Robustness Enhancement",
                "type": "str",
                "display_name": "Phase Name"
              },
              "phase_index": {
                "required": true,
                "value": 3,
                "type": "int",
                "display_name": "Phase Index"
              },
              "input_data": {
                "required": true,
                "value": "",
                "type": "str",
                "display_name": "Input Data"
              }
            },
            "description": "Synthetic Ascension Phase 4: Data Robustness Enhancement",
            "display_name": "Phase 4: Data Robustness Enhancement",
            "outputs": [
              {
                "types": [
                  "Data"
                ],
                "name": "phase_output",
                "display_name": "Phase Output"
              }
            ]
          },
          "id": "4fa98a0e-4682-4654-98b1-dda2a352949f"
        },
        "selected": false,
        "positionAbsolute": {
          "x": 150,
          "y": 700
        }
      },
      {
        "id": "d50f5938-ed25-483e-bfcc-156a3df27b1a",
        "type": "genericNode",
        "position": {
          "x": 150,
          "y": 900
        },
        "data": {
          "type": "CustomComponent",
          "node": {
            "template": {
              "phase_name": {
                "required": true,
                "value": "Phase 5: QA & Validation",
                "type": "str",
                "display_name": "Phase Name"
              },
              "phase_index": {
                "required": true,
                "value": 4,
                "type": "int",
                "display_name": "Phase Index"
              },
              "input_data": {
                "required": true,
                "value": "",
                "type": "str",
                "display_name": "Input Data"
              }
            },
            "description": "Synthetic Ascension Phase 5: QA & Validation",
            "display_name": "Phase 5: QA & Validation",
            "outputs": [
              {
                "types": [
                  "Data"
                ],
                "name": "phase_output",
                "display_name": "Phase Output"
              }
            ]
          },
          "id": "d50f5938-ed25-483e-bfcc-156a3df27b1a"
        },
        "selected": false,
        "positionAbsolute": {
          "x": 150,
          "y": 900
        }
      },
      {
        "id": "81d143df-f53c-47ec-9900-3c5e74f4f26a",
        "type": "genericNode",
        "position": {
          "x": 150,
          "y": 1100
        },
        "data": {
          "type": "CustomComponent",
          "node": {
            "template": {
              "phase_name": {
                "required": true,
                "value": "Phase 6: Reporting & Export",
                "type": "str",
                "display_name": "Phase Name"
              },
              "phase_index": {
                "required": true,
                "value": 5,
                "type": "int",
                "display_name": "Phase Index"
              },
              "input_data": {
                "required": true,
                "value": "",
                "type": "str",
                "display_name": "Input Data"
              }
            },
            "description": "Synthetic Ascension Phase 6: Reporting & Export",
            "display_name": "Phase 6: Reporting & Export",
            "outputs": [
              {
                "types": [
                  "Data"
                ],
                "name": "phase_output",
                "display_name": "Phase Output"
              }
            ]
          },
          "id": "81d143df-f53c-47ec-9900-3c5e74f4f26a"
        },
        "selected": false,
        "positionAbsolute": {
          "x": 150,
          "y": 1100
        }
      }
    ],
    "edges": [
      {
        "source": "1d386e06-a71d-4550-a20a-201aa241c27f",
        "sourceHandle": "1d386e06-a71d-4550-a20a-201aa241c27f-output",
        "target": "aa9c3845-36ca-4f6e-b675-b20000e935ac",
        "targetHandle": "aa9c3845-36ca-4f6e-b675-b20000e935ac-input",
        "type": "smoothstep",
        "id": "92dec8b2-a386-46e7-a9db-11c0c5862a10",
        "data": {
          "targetHandle": {
            "fieldName": "input_data",
            "id": "aa9c3845-36ca-4f6e-b675-b20000e935ac",
            "inputTypes": [
              "Data"
            ],
            "type": "str"
          },
          "sourceHandle": {
            "fieldName": "phase_output",
            "id": "1d386e06-a71d-4550-a20a-201aa241c27f",
            "outputTypes": [
              "Data"
            ],
            "type": "Data"
          }
        },
        "selected": false
      },
      {
        "source": "aa9c3845-36ca-4f6e-b675-b20000e935ac",
        "sourceHandle": "aa9c3845-36ca-4f6e-b675-b20000e935ac-output",
        "target": "4b708985-98f5-4cc9-a1ca-76c7e092ec65",
        "targetHandle": "4b708985-98f5-4cc9-a1ca-76c7e092ec65-input",
        "type": "smoothstep",
        "id": "4bc0524a-9380-4207-8257-d062619f19b8",
        "data": {
          "targetHandle": {
            "fieldName": "input_data",
            "id": "4b708985-98f5-4cc9-a1ca-76c7e092ec65",
            "inputTypes": [
              "Data"
            ],
            "type": "str"
          },
          "sourceHandle": {
            "fieldName": "phase_output",
            "id": "aa9c3845-36ca-4f6e-b675-b20000e935ac",
            "outputTypes": [
              "Data"
            ],
            "type": "Data"
          }
        },
        "selected": false
      },
      {
        "source": "4b708985-98f5-4cc9-a1ca-76c7e092ec65",
        "sourceHandle": "4b708985-98f5-4cc9-a1ca-76c7e092ec65-output",
        "target": "4fa98a0e-4682-4654-98b1-dda2a352949f",
        "targetHandle": "4fa98a0e-4682-4654-98b1-dda2a352949f-input",
        "type": "smoothstep",
        "id": "590041f9-a052-483a-90c3-12817a30ef62",
        "data": {
          "targetHandle": {
            "fieldName": "input_data",
            "id": "4fa98a0e-4682-4654-98b1-dda2a352949f",
            "inputTypes": [
              "Data"
            ],
            "type": "str"
          },
          "sourceHandle": {
            "fieldName": "phase_output",
            "id": "4b708985-98f5-4cc9-a1ca-76c7e092ec65",
            "outputTypes": [
              "Data"
            ],
            "type": "Data"
          }
        },
        "selected": false
      },
      {
        "source": "4fa98a0e-4682-4654-98b1-dda2a352949f",
        "sourceHandle": "4fa98a0e-4682-4654-98b1-dda2a352949f-output",
        "target": "d50f5938-ed25-483e-bfcc-156a3df27b1a",
        "targetHandle": "d50f5938-ed25-483e-bfcc-156a3df27b1a-input",
        "type": "smoothstep",
        "id": "0bc2bac6-4e00-4a13-9d50-83dab175abb1",
        "data": {
          "targetHandle": {
            "fieldName": "input_data",
            "id": "d50f5938-ed25-483e-bfcc-156a3df27b1a",
            "inputTypes": [
              "Data"
            ],
            "type": "str"
          },
          "sourceHandle": {
            "fieldName": "phase_output",
            "id": "4fa98a0e-4682-4654-98b1-dda2a352949f",
            "outputTypes": [
              "Data"
            ],
            "type": "Data"
          }
        },
        "selected": false
      },
      {
        "source": "d50f5938-ed25-483e-bfcc-156a3df27b1a",
        "sourceHandle": "d50f5938-ed25-483e-bfcc-156a3df27b1a-output",
        "target": "81d143df-f53c-47ec-9900-3c5e74f4f26a",
        "targetHandle": "81d143df-f53c-47ec-9900-3c5e74f4f26a-input",
        "type": "smoothstep",
        "id": "24070609-0c49-4970-b1b9-309fb7159ca9",
        "data": {
          "targetHandle": {
            "fieldName": "input_data",
            "id": "81d143df-f53c-47ec-9900-3c5e74f4f26a",
            "inputTypes": [
              "Data"
            ],
            "type": "str"
          },
          "sourceHandle": {
            "fieldName": "phase_output",
            "id": "d50f5938-ed25-483e-bfcc-156a3df27b1a",
            "outputTypes": [
              "Data"
            ],
            "type": "Data"
          }
        },
        "selected": false
      }
    ],
    "viewport": {
      "x": 0,
      "y": 0,
      "zoom": 0.7
    }
  },
  "is_component": false,
  "updated_at": "2025-07-02T01:27:06.543894",
  "folder_id": null,
  "endpoint_name": null
}