{
  "description": "Complete Synthetic Ascension EHR Generation Pipeline - All 50+ Agents",
  "name": "SyntheticAscension_Complete_Pipeline",
  "id": "9d1fcbcb-6218-4432-86c6-6c0aa8fdd8a6",
  "data": {
    "nodes": [
      {
        "id": "a9932f0a-7774-4b88-b5ee-00c3614a9e7a",
        "type": "genericNode",
        "position": {
          "x": 150,
          "y": 100
        },
        "data": {
          "type": "CustomComponent",
          "node": {
            "template": {
              "phase_name": {
                "required": true,
                "value": "Phase 1: Literature Mining & Research",
                "type": "str",
                "display_name": "Phase Name"
              },
              "phase_index": {
                "required": true,
                "value": 0,
                "type": "int",
                "display_name": "Phase Index"
              },
              "input_data": {
                "required": true,
                "value": "",
                "type": "str",
                "display_name": "Input Data"
              }
            },
            "description": "Synthetic Ascension Phase 1: Literature Mining & Research",
            "display_name": "Phase 1: Literature Mining & Research",
            "outputs": [
              {
                "types": [
                  "Data"
                ],
                "name": "phase_output",
                "display_name": "Phase Output"
              }
            ]
          },
          "id": "a9932f0a-7774-4b88-b5ee-00c3614a9e7a"
        },
        "selected": false,
        "positionAbsolute": {
          "x": 150,
          "y": 100
        }
      },
      {
        "id": "5ecdb846-f528-4ff1-befc-00a4f492a83c",
        "type": "genericNode",
        "position": {
          "x": 150,
          "y": 300
        },
        "data": {
          "type": "CustomComponent",
          "node": {
            "template": {
              "phase_name": {
                "required": true,
                "value": "Phase 2: Cohort Construction",
                "type": "str",
                "display_name": "Phase Name"
              },
              "phase_index": {
                "required": true,
                "value": 1,
                "type": "int",
                "display_name": "Phase Index"
              },
              "input_data": {
                "required": true,
                "value": "",
                "type": "str",
                "display_name": "Input Data"
              }
            },
            "description": "Synthetic Ascension Phase 2: Cohort Construction",
            "display_name": "Phase 2: Cohort Construction",
            "outputs": [
              {
                "types": [
                  "Data"
                ],
                "name": "phase_output",
                "display_name": "Phase Output"
              }
            ]
          },
          "id": "5ecdb846-f528-4ff1-befc-00a4f492a83c"
        },
        "selected": false,
        "positionAbsolute": {
          "x": 150,
          "y": 300
        }
      },
      {
        "id": "4f930001-6e52-4c20-b19e-dc0e5736603b",
        "type": "genericNode",
        "position": {
          "x": 150,
          "y": 500
        },
        "data": {
          "type": "CustomComponent",
          "node": {
            "template": {
              "phase_name": {
                "required": true,
                "value": "Phase 3: Clinical Journey Generation",
                "type": "str",
                "display_name": "Phase Name"
              },
              "phase_index": {
                "required": true,
                "value": 2,
                "type": "int",
                "display_name": "Phase Index"
              },
              "input_data": {
                "required": true,
                "value": "",
                "type": "str",
                "display_name": "Input Data"
              }
            },
            "description": "Synthetic Ascension Phase 3: Clinical Journey Generation",
            "display_name": "Phase 3: Clinical Journey Generation",
            "outputs": [
              {
                "types": [
                  "Data"
                ],
                "name": "phase_output",
                "display_name": "Phase Output"
              }
            ]
          },
          "id": "4f930001-6e52-4c20-b19e-dc0e5736603b"
        },
        "selected": false,
        "positionAbsolute": {
          "x": 150,
          "y": 500
        }
      },
      {
        "id": "9e800b54-b6de-4f6b-8d18-3bef5a77fcc1",
        "type": "genericNode",
        "position": {
          "x": 150,
          "y": 700
        },
        "data": {
          "type": "CustomComponent",
          "node": {
            "template": {
              "phase_name": {
                "required": true,
                "value": "Phase 4: Data Robustness Enhancement",
                "type": "str",
                "display_name": "Phase Name"
              },
              "phase_index": {
                "required": true,
                "value": 3,
                "type": "int",
                "display_name": "Phase Index"
              },
              "input_data": {
                "required": true,
                "value": "",
                "type": "str",
                "display_name": "Input Data"
              }
            },
            "description": "Synthetic Ascension Phase 4: Data Robustness Enhancement",
            "display_name": "Phase 4: Data Robustness Enhancement",
            "outputs": [
              {
                "types": [
                  "Data"
                ],
                "name": "phase_output",
                "display_name": "Phase Output"
              }
            ]
          },
          "id": "9e800b54-b6de-4f6b-8d18-3bef5a77fcc1"
        },
        "selected": false,
        "positionAbsolute": {
          "x": 150,
          "y": 700
        }
      },
      {
        "id": "673dffd0-d4ec-495d-802d-f460b2cdfde5",
        "type": "genericNode",
        "position": {
          "x": 150,
          "y": 900
        },
        "data": {
          "type": "CustomComponent",
          "node": {
            "template": {
              "phase_name": {
                "required": true,
                "value": "Phase 5: QA & Validation",
                "type": "str",
                "display_name": "Phase Name"
              },
              "phase_index": {
                "required": true,
                "value": 4,
                "type": "int",
                "display_name": "Phase Index"
              },
              "input_data": {
                "required": true,
                "value": "",
                "type": "str",
                "display_name": "Input Data"
              }
            },
            "description": "Synthetic Ascension Phase 5: QA & Validation",
            "display_name": "Phase 5: QA & Validation",
            "outputs": [
              {
                "types": [
                  "Data"
                ],
                "name": "phase_output",
                "display_name": "Phase Output"
              }
            ]
          },
          "id": "673dffd0-d4ec-495d-802d-f460b2cdfde5"
        },
        "selected": false,
        "positionAbsolute": {
          "x": 150,
          "y": 900
        }
      },
      {
        "id": "c9515ba0-bffe-4c61-9e47-899c9330ef9b",
        "type": "genericNode",
        "position": {
          "x": 150,
          "y": 1100
        },
        "data": {
          "type": "CustomComponent",
          "node": {
            "template": {
              "phase_name": {
                "required": true,
                "value": "Phase 6: Reporting & Export",
                "type": "str",
                "display_name": "Phase Name"
              },
              "phase_index": {
                "required": true,
                "value": 5,
                "type": "int",
                "display_name": "Phase Index"
              },
              "input_data": {
                "required": true,
                "value": "",
                "type": "str",
                "display_name": "Input Data"
              }
            },
            "description": "Synthetic Ascension Phase 6: Reporting & Export",
            "display_name": "Phase 6: Reporting & Export",
            "outputs": [
              {
                "types": [
                  "Data"
                ],
                "name": "phase_output",
                "display_name": "Phase Output"
              }
            ]
          },
          "id": "c9515ba0-bffe-4c61-9e47-899c9330ef9b"
        },
        "selected": false,
        "positionAbsolute": {
          "x": 150,
          "y": 1100
        }
      }
    ],
    "edges": [
      {
        "source": "a9932f0a-7774-4b88-b5ee-00c3614a9e7a",
        "sourceHandle": "a9932f0a-7774-4b88-b5ee-00c3614a9e7a-output",
        "target": "5ecdb846-f528-4ff1-befc-00a4f492a83c",
        "targetHandle": "5ecdb846-f528-4ff1-befc-00a4f492a83c-input",
        "type": "smoothstep",
        "id": "b91002b5-714d-4c30-a22a-a90a45c5e627",
        "data": {
          "targetHandle": {
            "fieldName": "input_data",
            "id": "5ecdb846-f528-4ff1-befc-00a4f492a83c",
            "inputTypes": [
              "Data"
            ],
            "type": "str"
          },
          "sourceHandle": {
            "fieldName": "phase_output",
            "id": "a9932f0a-7774-4b88-b5ee-00c3614a9e7a",
            "outputTypes": [
              "Data"
            ],
            "type": "Data"
          }
        },
        "selected": false
      },
      {
        "source": "5ecdb846-f528-4ff1-befc-00a4f492a83c",
        "sourceHandle": "5ecdb846-f528-4ff1-befc-00a4f492a83c-output",
        "target": "4f930001-6e52-4c20-b19e-dc0e5736603b",
        "targetHandle": "4f930001-6e52-4c20-b19e-dc0e5736603b-input",
        "type": "smoothstep",
        "id": "099b1523-6f29-420a-8afd-5fd12079f8d7",
        "data": {
          "targetHandle": {
            "fieldName": "input_data",
            "id": "4f930001-6e52-4c20-b19e-dc0e5736603b",
            "inputTypes": [
              "Data"
            ],
            "type": "str"
          },
          "sourceHandle": {
            "fieldName": "phase_output",
            "id": "5ecdb846-f528-4ff1-befc-00a4f492a83c",
            "outputTypes": [
              "Data"
            ],
            "type": "Data"
          }
        },
        "selected": false
      },
      {
        "source": "4f930001-6e52-4c20-b19e-dc0e5736603b",
        "sourceHandle": "4f930001-6e52-4c20-b19e-dc0e5736603b-output",
        "target": "9e800b54-b6de-4f6b-8d18-3bef5a77fcc1",
        "targetHandle": "9e800b54-b6de-4f6b-8d18-3bef5a77fcc1-input",
        "type": "smoothstep",
        "id": "d688f2ad-dcf6-4431-b795-13aad7cf89d0",
        "data": {
          "targetHandle": {
            "fieldName": "input_data",
            "id": "9e800b54-b6de-4f6b-8d18-3bef5a77fcc1",
            "inputTypes": [
              "Data"
            ],
            "type": "str"
          },
          "sourceHandle": {
            "fieldName": "phase_output",
            "id": "4f930001-6e52-4c20-b19e-dc0e5736603b",
            "outputTypes": [
              "Data"
            ],
            "type": "Data"
          }
        },
        "selected": false
      },
      {
        "source": "9e800b54-b6de-4f6b-8d18-3bef5a77fcc1",
        "sourceHandle": "9e800b54-b6de-4f6b-8d18-3bef5a77fcc1-output",
        "target": "673dffd0-d4ec-495d-802d-f460b2cdfde5",
        "targetHandle": "673dffd0-d4ec-495d-802d-f460b2cdfde5-input",
        "type": "smoothstep",
        "id": "4c17b516-8b2e-4e51-af7e-975a81d2bf52",
        "data": {
          "targetHandle": {
            "fieldName": "input_data",
            "id": "673dffd0-d4ec-495d-802d-f460b2cdfde5",
            "inputTypes": [
              "Data"
            ],
            "type": "str"
          },
          "sourceHandle": {
            "fieldName": "phase_output",
            "id": "9e800b54-b6de-4f6b-8d18-3bef5a77fcc1",
            "outputTypes": [
              "Data"
            ],
            "type": "Data"
          }
        },
        "selected": false
      },
      {
        "source": "673dffd0-d4ec-495d-802d-f460b2cdfde5",
        "sourceHandle": "673dffd0-d4ec-495d-802d-f460b2cdfde5-output",
        "target": "c9515ba0-bffe-4c61-9e47-899c9330ef9b",
        "targetHandle": "c9515ba0-bffe-4c61-9e47-899c9330ef9b-input",
        "type": "smoothstep",
        "id": "9158e79b-be67-4063-9447-ade2c513e315",
        "data": {
          "targetHandle": {
            "fieldName": "input_data",
            "id": "c9515ba0-bffe-4c61-9e47-899c9330ef9b",
            "inputTypes": [
              "Data"
            ],
            "type": "str"
          },
          "sourceHandle": {
            "fieldName": "phase_output",
            "id": "673dffd0-d4ec-495d-802d-f460b2cdfde5",
            "outputTypes": [
              "Data"
            ],
            "type": "Data"
          }
        },
        "selected": false
      }
    ],
    "viewport": {
      "x": 0,
      "y": 0,
      "zoom": 0.7
    }
  },
  "is_component": false,
  "updated_at": "2025-07-02T15:44:15.342320",
  "folder_id": null,
  "endpoint_name": null
}