{
  "description": "Complete Synthetic Ascension EHR Generation Pipeline - All 50+ Agents",
  "name": "SyntheticAscension_Complete_Pipeline",
  "id": "6a8d2d9f-70c5-4a56-b9f1-a50ee79058a4",
  "data": {
    "nodes": [
      {
        "id": "08a69982-013b-4906-b566-3a0729a22221",
        "type": "genericNode",
        "position": {
          "x": 150,
          "y": 100
        },
        "data": {
          "type": "CustomComponent",
          "node": {
            "template": {
              "phase_name": {
                "required": true,
                "value": "Phase 1: Literature Mining & Research",
                "type": "str",
                "display_name": "Phase Name"
              },
              "phase_index": {
                "required": true,
                "value": 0,
                "type": "int",
                "display_name": "Phase Index"
              },
              "input_data": {
                "required": true,
                "value": "",
                "type": "str",
                "display_name": "Input Data"
              }
            },
            "description": "Synthetic Ascension Phase 1: Literature Mining & Research",
            "display_name": "Phase 1: Literature Mining & Research",
            "outputs": [
              {
                "types": [
                  "Data"
                ],
                "name": "phase_output",
                "display_name": "Phase Output"
              }
            ]
          },
          "id": "08a69982-013b-4906-b566-3a0729a22221"
        },
        "selected": false,
        "positionAbsolute": {
          "x": 150,
          "y": 100
        }
      },
      {
        "id": "84bb0550-8d48-4dc2-a532-3808def23ccf",
        "type": "genericNode",
        "position": {
          "x": 150,
          "y": 300
        },
        "data": {
          "type": "CustomComponent",
          "node": {
            "template": {
              "phase_name": {
                "required": true,
                "value": "Phase 2: Cohort Construction",
                "type": "str",
                "display_name": "Phase Name"
              },
              "phase_index": {
                "required": true,
                "value": 1,
                "type": "int",
                "display_name": "Phase Index"
              },
              "input_data": {
                "required": true,
                "value": "",
                "type": "str",
                "display_name": "Input Data"
              }
            },
            "description": "Synthetic Ascension Phase 2: Cohort Construction",
            "display_name": "Phase 2: Cohort Construction",
            "outputs": [
              {
                "types": [
                  "Data"
                ],
                "name": "phase_output",
                "display_name": "Phase Output"
              }
            ]
          },
          "id": "84bb0550-8d48-4dc2-a532-3808def23ccf"
        },
        "selected": false,
        "positionAbsolute": {
          "x": 150,
          "y": 300
        }
      },
      {
        "id": "46782f7f-15b8-4ea0-b91b-6996c9a15109",
        "type": "genericNode",
        "position": {
          "x": 150,
          "y": 500
        },
        "data": {
          "type": "CustomComponent",
          "node": {
            "template": {
              "phase_name": {
                "required": true,
                "value": "Phase 3: Clinical Journey Generation",
                "type": "str",
                "display_name": "Phase Name"
              },
              "phase_index": {
                "required": true,
                "value": 2,
                "type": "int",
                "display_name": "Phase Index"
              },
              "input_data": {
                "required": true,
                "value": "",
                "type": "str",
                "display_name": "Input Data"
              }
            },
            "description": "Synthetic Ascension Phase 3: Clinical Journey Generation",
            "display_name": "Phase 3: Clinical Journey Generation",
            "outputs": [
              {
                "types": [
                  "Data"
                ],
                "name": "phase_output",
                "display_name": "Phase Output"
              }
            ]
          },
          "id": "46782f7f-15b8-4ea0-b91b-6996c9a15109"
        },
        "selected": false,
        "positionAbsolute": {
          "x": 150,
          "y": 500
        }
      },
      {
        "id": "670c80a9-9f8f-4096-a321-6f591145ff21",
        "type": "genericNode",
        "position": {
          "x": 150,
          "y": 700
        },
        "data": {
          "type": "CustomComponent",
          "node": {
            "template": {
              "phase_name": {
                "required": true,
                "value": "Phase 4: Data Robustness Enhancement",
                "type": "str",
                "display_name": "Phase Name"
              },
              "phase_index": {
                "required": true,
                "value": 3,
                "type": "int",
                "display_name": "Phase Index"
              },
              "input_data": {
                "required": true,
                "value": "",
                "type": "str",
                "display_name": "Input Data"
              }
            },
            "description": "Synthetic Ascension Phase 4: Data Robustness Enhancement",
            "display_name": "Phase 4: Data Robustness Enhancement",
            "outputs": [
              {
                "types": [
                  "Data"
                ],
                "name": "phase_output",
                "display_name": "Phase Output"
              }
            ]
          },
          "id": "670c80a9-9f8f-4096-a321-6f591145ff21"
        },
        "selected": false,
        "positionAbsolute": {
          "x": 150,
          "y": 700
        }
      },
      {
        "id": "50f291b9-b29e-4cd5-b76b-b077aa8e346e",
        "type": "genericNode",
        "position": {
          "x": 150,
          "y": 900
        },
        "data": {
          "type": "CustomComponent",
          "node": {
            "template": {
              "phase_name": {
                "required": true,
                "value": "Phase 5: QA & Validation",
                "type": "str",
                "display_name": "Phase Name"
              },
              "phase_index": {
                "required": true,
                "value": 4,
                "type": "int",
                "display_name": "Phase Index"
              },
              "input_data": {
                "required": true,
                "value": "",
                "type": "str",
                "display_name": "Input Data"
              }
            },
            "description": "Synthetic Ascension Phase 5: QA & Validation",
            "display_name": "Phase 5: QA & Validation",
            "outputs": [
              {
                "types": [
                  "Data"
                ],
                "name": "phase_output",
                "display_name": "Phase Output"
              }
            ]
          },
          "id": "50f291b9-b29e-4cd5-b76b-b077aa8e346e"
        },
        "selected": false,
        "positionAbsolute": {
          "x": 150,
          "y": 900
        }
      },
      {
        "id": "8ba24f4a-db1d-4c73-b969-99760a650e62",
        "type": "genericNode",
        "position": {
          "x": 150,
          "y": 1100
        },
        "data": {
          "type": "CustomComponent",
          "node": {
            "template": {
              "phase_name": {
                "required": true,
                "value": "Phase 6: Reporting & Export",
                "type": "str",
                "display_name": "Phase Name"
              },
              "phase_index": {
                "required": true,
                "value": 5,
                "type": "int",
                "display_name": "Phase Index"
              },
              "input_data": {
                "required": true,
                "value": "",
                "type": "str",
                "display_name": "Input Data"
              }
            },
            "description": "Synthetic Ascension Phase 6: Reporting & Export",
            "display_name": "Phase 6: Reporting & Export",
            "outputs": [
              {
                "types": [
                  "Data"
                ],
                "name": "phase_output",
                "display_name": "Phase Output"
              }
            ]
          },
          "id": "8ba24f4a-db1d-4c73-b969-99760a650e62"
        },
        "selected": false,
        "positionAbsolute": {
          "x": 150,
          "y": 1100
        }
      }
    ],
    "edges": [
      {
        "source": "08a69982-013b-4906-b566-3a0729a22221",
        "sourceHandle": "08a69982-013b-4906-b566-3a0729a22221-output",
        "target": "84bb0550-8d48-4dc2-a532-3808def23ccf",
        "targetHandle": "84bb0550-8d48-4dc2-a532-3808def23ccf-input",
        "type": "smoothstep",
        "id": "cd4dbfda-30e3-402a-93f4-c2261bfa5af7",
        "data": {
          "targetHandle": {
            "fieldName": "input_data",
            "id": "84bb0550-8d48-4dc2-a532-3808def23ccf",
            "inputTypes": [
              "Data"
            ],
            "type": "str"
          },
          "sourceHandle": {
            "fieldName": "phase_output",
            "id": "08a69982-013b-4906-b566-3a0729a22221",
            "outputTypes": [
              "Data"
            ],
            "type": "Data"
          }
        },
        "selected": false
      },
      {
        "source": "84bb0550-8d48-4dc2-a532-3808def23ccf",
        "sourceHandle": "84bb0550-8d48-4dc2-a532-3808def23ccf-output",
        "target": "46782f7f-15b8-4ea0-b91b-6996c9a15109",
        "targetHandle": "46782f7f-15b8-4ea0-b91b-6996c9a15109-input",
        "type": "smoothstep",
        "id": "9f01c6eb-f7dc-48b3-be89-1b6e8fcdf031",
        "data": {
          "targetHandle": {
            "fieldName": "input_data",
            "id": "46782f7f-15b8-4ea0-b91b-6996c9a15109",
            "inputTypes": [
              "Data"
            ],
            "type": "str"
          },
          "sourceHandle": {
            "fieldName": "phase_output",
            "id": "84bb0550-8d48-4dc2-a532-3808def23ccf",
            "outputTypes": [
              "Data"
            ],
            "type": "Data"
          }
        },
        "selected": false
      },
      {
        "source": "46782f7f-15b8-4ea0-b91b-6996c9a15109",
        "sourceHandle": "46782f7f-15b8-4ea0-b91b-6996c9a15109-output",
        "target": "670c80a9-9f8f-4096-a321-6f591145ff21",
        "targetHandle": "670c80a9-9f8f-4096-a321-6f591145ff21-input",
        "type": "smoothstep",
        "id": "164491a2-3424-4eeb-8250-7161289a8e7c",
        "data": {
          "targetHandle": {
            "fieldName": "input_data",
            "id": "670c80a9-9f8f-4096-a321-6f591145ff21",
            "inputTypes": [
              "Data"
            ],
            "type": "str"
          },
          "sourceHandle": {
            "fieldName": "phase_output",
            "id": "46782f7f-15b8-4ea0-b91b-6996c9a15109",
            "outputTypes": [
              "Data"
            ],
            "type": "Data"
          }
        },
        "selected": false
      },
      {
        "source": "670c80a9-9f8f-4096-a321-6f591145ff21",
        "sourceHandle": "670c80a9-9f8f-4096-a321-6f591145ff21-output",
        "target": "50f291b9-b29e-4cd5-b76b-b077aa8e346e",
        "targetHandle": "50f291b9-b29e-4cd5-b76b-b077aa8e346e-input",
        "type": "smoothstep",
        "id": "05a84120-f1e8-4391-9095-677bfe50a537",
        "data": {
          "targetHandle": {
            "fieldName": "input_data",
            "id": "50f291b9-b29e-4cd5-b76b-b077aa8e346e",
            "inputTypes": [
              "Data"
            ],
            "type": "str"
          },
          "sourceHandle": {
            "fieldName": "phase_output",
            "id": "670c80a9-9f8f-4096-a321-6f591145ff21",
            "outputTypes": [
              "Data"
            ],
            "type": "Data"
          }
        },
        "selected": false
      },
      {
        "source": "50f291b9-b29e-4cd5-b76b-b077aa8e346e",
        "sourceHandle": "50f291b9-b29e-4cd5-b76b-b077aa8e346e-output",
        "target": "8ba24f4a-db1d-4c73-b969-99760a650e62",
        "targetHandle": "8ba24f4a-db1d-4c73-b969-99760a650e62-input",
        "type": "smoothstep",
        "id": "9a87362f-c19e-405b-a9d7-d873b133c8d1",
        "data": {
          "targetHandle": {
            "fieldName": "input_data",
            "id": "8ba24f4a-db1d-4c73-b969-99760a650e62",
            "inputTypes": [
              "Data"
            ],
            "type": "str"
          },
          "sourceHandle": {
            "fieldName": "phase_output",
            "id": "50f291b9-b29e-4cd5-b76b-b077aa8e346e",
            "outputTypes": [
              "Data"
            ],
            "type": "Data"
          }
        },
        "selected": false
      }
    ],
    "viewport": {
      "x": 0,
      "y": 0,
      "zoom": 0.7
    }
  },
  "is_component": false,
  "updated_at": "2025-07-02T02:36:33.551249",
  "folder_id": null,
  "endpoint_name": null
}