{
  "description": "Complete Synthetic Ascension EHR Generation Pipeline - All 50+ Agents",
  "name": "SyntheticAscension_Complete_Pipeline",
  "id": "4856c114-32dc-4907-a099-f9bbb6a0ef56",
  "data": {
    "nodes": [
      {
        "id": "92a4f4fd-9f09-4fd4-bc03-980bc5f26944",
        "type": "genericNode",
        "position": {
          "x": 150,
          "y": 100
        },
        "data": {
          "type": "CustomComponent",
          "node": {
            "template": {
              "phase_name": {
                "required": true,
                "value": "Phase 1: Literature Mining & Research",
                "type": "str",
                "display_name": "Phase Name"
              },
              "phase_index": {
                "required": true,
                "value": 0,
                "type": "int",
                "display_name": "Phase Index"
              },
              "input_data": {
                "required": true,
                "value": "",
                "type": "str",
                "display_name": "Input Data"
              }
            },
            "description": "Synthetic Ascension Phase 1: Literature Mining & Research",
            "display_name": "Phase 1: Literature Mining & Research",
            "outputs": [
              {
                "types": [
                  "Data"
                ],
                "name": "phase_output",
                "display_name": "Phase Output"
              }
            ]
          },
          "id": "92a4f4fd-9f09-4fd4-bc03-980bc5f26944"
        },
        "selected": false,
        "positionAbsolute": {
          "x": 150,
          "y": 100
        }
      },
      {
        "id": "8b53bc31-406e-4fe4-a774-540f38548469",
        "type": "genericNode",
        "position": {
          "x": 150,
          "y": 300
        },
        "data": {
          "type": "CustomComponent",
          "node": {
            "template": {
              "phase_name": {
                "required": true,
                "value": "Phase 2: Cohort Construction",
                "type": "str",
                "display_name": "Phase Name"
              },
              "phase_index": {
                "required": true,
                "value": 1,
                "type": "int",
                "display_name": "Phase Index"
              },
              "input_data": {
                "required": true,
                "value": "",
                "type": "str",
                "display_name": "Input Data"
              }
            },
            "description": "Synthetic Ascension Phase 2: Cohort Construction",
            "display_name": "Phase 2: Cohort Construction",
            "outputs": [
              {
                "types": [
                  "Data"
                ],
                "name": "phase_output",
                "display_name": "Phase Output"
              }
            ]
          },
          "id": "8b53bc31-406e-4fe4-a774-540f38548469"
        },
        "selected": false,
        "positionAbsolute": {
          "x": 150,
          "y": 300
        }
      },
      {
        "id": "a7168d18-55dd-411d-a21e-60af1bc22350",
        "type": "genericNode",
        "position": {
          "x": 150,
          "y": 500
        },
        "data": {
          "type": "CustomComponent",
          "node": {
            "template": {
              "phase_name": {
                "required": true,
                "value": "Phase 3: Clinical Journey Generation",
                "type": "str",
                "display_name": "Phase Name"
              },
              "phase_index": {
                "required": true,
                "value": 2,
                "type": "int",
                "display_name": "Phase Index"
              },
              "input_data": {
                "required": true,
                "value": "",
                "type": "str",
                "display_name": "Input Data"
              }
            },
            "description": "Synthetic Ascension Phase 3: Clinical Journey Generation",
            "display_name": "Phase 3: Clinical Journey Generation",
            "outputs": [
              {
                "types": [
                  "Data"
                ],
                "name": "phase_output",
                "display_name": "Phase Output"
              }
            ]
          },
          "id": "a7168d18-55dd-411d-a21e-60af1bc22350"
        },
        "selected": false,
        "positionAbsolute": {
          "x": 150,
          "y": 500
        }
      },
      {
        "id": "6e46d8fe-36b0-4dc3-a262-7df34b889768",
        "type": "genericNode",
        "position": {
          "x": 150,
          "y": 700
        },
        "data": {
          "type": "CustomComponent",
          "node": {
            "template": {
              "phase_name": {
                "required": true,
                "value": "Phase 4: Data Robustness Enhancement",
                "type": "str",
                "display_name": "Phase Name"
              },
              "phase_index": {
                "required": true,
                "value": 3,
                "type": "int",
                "display_name": "Phase Index"
              },
              "input_data": {
                "required": true,
                "value": "",
                "type": "str",
                "display_name": "Input Data"
              }
            },
            "description": "Synthetic Ascension Phase 4: Data Robustness Enhancement",
            "display_name": "Phase 4: Data Robustness Enhancement",
            "outputs": [
              {
                "types": [
                  "Data"
                ],
                "name": "phase_output",
                "display_name": "Phase Output"
              }
            ]
          },
          "id": "6e46d8fe-36b0-4dc3-a262-7df34b889768"
        },
        "selected": false,
        "positionAbsolute": {
          "x": 150,
          "y": 700
        }
      },
      {
        "id": "b872e0a4-2f06-4e32-b058-bb008f54757e",
        "type": "genericNode",
        "position": {
          "x": 150,
          "y": 900
        },
        "data": {
          "type": "CustomComponent",
          "node": {
            "template": {
              "phase_name": {
                "required": true,
                "value": "Phase 5: QA & Validation",
                "type": "str",
                "display_name": "Phase Name"
              },
              "phase_index": {
                "required": true,
                "value": 4,
                "type": "int",
                "display_name": "Phase Index"
              },
              "input_data": {
                "required": true,
                "value": "",
                "type": "str",
                "display_name": "Input Data"
              }
            },
            "description": "Synthetic Ascension Phase 5: QA & Validation",
            "display_name": "Phase 5: QA & Validation",
            "outputs": [
              {
                "types": [
                  "Data"
                ],
                "name": "phase_output",
                "display_name": "Phase Output"
              }
            ]
          },
          "id": "b872e0a4-2f06-4e32-b058-bb008f54757e"
        },
        "selected": false,
        "positionAbsolute": {
          "x": 150,
          "y": 900
        }
      },
      {
        "id": "f430f4b4-892d-48c7-a3f2-ec58b6d0b473",
        "type": "genericNode",
        "position": {
          "x": 150,
          "y": 1100
        },
        "data": {
          "type": "CustomComponent",
          "node": {
            "template": {
              "phase_name": {
                "required": true,
                "value": "Phase 6: Reporting & Export",
                "type": "str",
                "display_name": "Phase Name"
              },
              "phase_index": {
                "required": true,
                "value": 5,
                "type": "int",
                "display_name": "Phase Index"
              },
              "input_data": {
                "required": true,
                "value": "",
                "type": "str",
                "display_name": "Input Data"
              }
            },
            "description": "Synthetic Ascension Phase 6: Reporting & Export",
            "display_name": "Phase 6: Reporting & Export",
            "outputs": [
              {
                "types": [
                  "Data"
                ],
                "name": "phase_output",
                "display_name": "Phase Output"
              }
            ]
          },
          "id": "f430f4b4-892d-48c7-a3f2-ec58b6d0b473"
        },
        "selected": false,
        "positionAbsolute": {
          "x": 150,
          "y": 1100
        }
      }
    ],
    "edges": [
      {
        "source": "92a4f4fd-9f09-4fd4-bc03-980bc5f26944",
        "sourceHandle": "92a4f4fd-9f09-4fd4-bc03-980bc5f26944-output",
        "target": "8b53bc31-406e-4fe4-a774-540f38548469",
        "targetHandle": "8b53bc31-406e-4fe4-a774-540f38548469-input",
        "type": "smoothstep",
        "id": "298fec2b-2531-4492-97a5-db16ba7e2625",
        "data": {
          "targetHandle": {
            "fieldName": "input_data",
            "id": "8b53bc31-406e-4fe4-a774-540f38548469",
            "inputTypes": [
              "Data"
            ],
            "type": "str"
          },
          "sourceHandle": {
            "fieldName": "phase_output",
            "id": "92a4f4fd-9f09-4fd4-bc03-980bc5f26944",
            "outputTypes": [
              "Data"
            ],
            "type": "Data"
          }
        },
        "selected": false
      },
      {
        "source": "8b53bc31-406e-4fe4-a774-540f38548469",
        "sourceHandle": "8b53bc31-406e-4fe4-a774-540f38548469-output",
        "target": "a7168d18-55dd-411d-a21e-60af1bc22350",
        "targetHandle": "a7168d18-55dd-411d-a21e-60af1bc22350-input",
        "type": "smoothstep",
        "id": "dfc92299-f87a-4de3-9b7b-07b66e3e1a3b",
        "data": {
          "targetHandle": {
            "fieldName": "input_data",
            "id": "a7168d18-55dd-411d-a21e-60af1bc22350",
            "inputTypes": [
              "Data"
            ],
            "type": "str"
          },
          "sourceHandle": {
            "fieldName": "phase_output",
            "id": "8b53bc31-406e-4fe4-a774-540f38548469",
            "outputTypes": [
              "Data"
            ],
            "type": "Data"
          }
        },
        "selected": false
      },
      {
        "source": "a7168d18-55dd-411d-a21e-60af1bc22350",
        "sourceHandle": "a7168d18-55dd-411d-a21e-60af1bc22350-output",
        "target": "6e46d8fe-36b0-4dc3-a262-7df34b889768",
        "targetHandle": "6e46d8fe-36b0-4dc3-a262-7df34b889768-input",
        "type": "smoothstep",
        "id": "830a1e57-9d59-48f0-96d6-a8ce914783a6",
        "data": {
          "targetHandle": {
            "fieldName": "input_data",
            "id": "6e46d8fe-36b0-4dc3-a262-7df34b889768",
            "inputTypes": [
              "Data"
            ],
            "type": "str"
          },
          "sourceHandle": {
            "fieldName": "phase_output",
            "id": "a7168d18-55dd-411d-a21e-60af1bc22350",
            "outputTypes": [
              "Data"
            ],
            "type": "Data"
          }
        },
        "selected": false
      },
      {
        "source": "6e46d8fe-36b0-4dc3-a262-7df34b889768",
        "sourceHandle": "6e46d8fe-36b0-4dc3-a262-7df34b889768-output",
        "target": "b872e0a4-2f06-4e32-b058-bb008f54757e",
        "targetHandle": "b872e0a4-2f06-4e32-b058-bb008f54757e-input",
        "type": "smoothstep",
        "id": "71df682c-d1c3-4d46-9bb9-52b704554663",
        "data": {
          "targetHandle": {
            "fieldName": "input_data",
            "id": "b872e0a4-2f06-4e32-b058-bb008f54757e",
            "inputTypes": [
              "Data"
            ],
            "type": "str"
          },
          "sourceHandle": {
            "fieldName": "phase_output",
            "id": "6e46d8fe-36b0-4dc3-a262-7df34b889768",
            "outputTypes": [
              "Data"
            ],
            "type": "Data"
          }
        },
        "selected": false
      },
      {
        "source": "b872e0a4-2f06-4e32-b058-bb008f54757e",
        "sourceHandle": "b872e0a4-2f06-4e32-b058-bb008f54757e-output",
        "target": "f430f4b4-892d-48c7-a3f2-ec58b6d0b473",
        "targetHandle": "f430f4b4-892d-48c7-a3f2-ec58b6d0b473-input",
        "type": "smoothstep",
        "id": "77ead9d8-1bae-41b9-a7f0-56eaf5ed16d1",
        "data": {
          "targetHandle": {
            "fieldName": "input_data",
            "id": "f430f4b4-892d-48c7-a3f2-ec58b6d0b473",
            "inputTypes": [
              "Data"
            ],
            "type": "str"
          },
          "sourceHandle": {
            "fieldName": "phase_output",
            "id": "b872e0a4-2f06-4e32-b058-bb008f54757e",
            "outputTypes": [
              "Data"
            ],
            "type": "Data"
          }
        },
        "selected": false
      }
    ],
    "viewport": {
      "x": 0,
      "y": 0,
      "zoom": 0.7
    }
  },
  "is_component": false,
  "updated_at": "2025-07-02T01:52:07.039474",
  "folder_id": null,
  "endpoint_name": null
}