{
  "description": "Complete Synthetic Ascension EHR Generation Pipeline - All 50+ Agents",
  "name": "SyntheticAscension_Complete_Pipeline",
  "id": "f42b5864-439b-48a5-a5e0-9b505fea6797",
  "data": {
    "nodes": [
      {
        "id": "113ec81c-9317-491c-a273-999422fd80cc",
        "type": "genericNode",
        "position": {
          "x": 150,
          "y": 100
        },
        "data": {
          "type": "CustomComponent",
          "node": {
            "template": {
              "phase_name": {
                "required": true,
                "value": "Phase 1: Literature Mining & Research",
                "type": "str",
                "display_name": "Phase Name"
              },
              "phase_index": {
                "required": true,
                "value": 0,
                "type": "int",
                "display_name": "Phase Index"
              },
              "input_data": {
                "required": true,
                "value": "",
                "type": "str",
                "display_name": "Input Data"
              }
            },
            "description": "Synthetic Ascension Phase 1: Literature Mining & Research",
            "display_name": "Phase 1: Literature Mining & Research",
            "outputs": [
              {
                "types": [
                  "Data"
                ],
                "name": "phase_output",
                "display_name": "Phase Output"
              }
            ]
          },
          "id": "113ec81c-9317-491c-a273-999422fd80cc"
        },
        "selected": false,
        "positionAbsolute": {
          "x": 150,
          "y": 100
        }
      },
      {
        "id": "5a062a95-b345-4dd1-b5b2-2a849b61b216",
        "type": "genericNode",
        "position": {
          "x": 150,
          "y": 300
        },
        "data": {
          "type": "CustomComponent",
          "node": {
            "template": {
              "phase_name": {
                "required": true,
                "value": "Phase 2: Cohort Construction",
                "type": "str",
                "display_name": "Phase Name"
              },
              "phase_index": {
                "required": true,
                "value": 1,
                "type": "int",
                "display_name": "Phase Index"
              },
              "input_data": {
                "required": true,
                "value": "",
                "type": "str",
                "display_name": "Input Data"
              }
            },
            "description": "Synthetic Ascension Phase 2: Cohort Construction",
            "display_name": "Phase 2: Cohort Construction",
            "outputs": [
              {
                "types": [
                  "Data"
                ],
                "name": "phase_output",
                "display_name": "Phase Output"
              }
            ]
          },
          "id": "5a062a95-b345-4dd1-b5b2-2a849b61b216"
        },
        "selected": false,
        "positionAbsolute": {
          "x": 150,
          "y": 300
        }
      },
      {
        "id": "4456503b-4394-4060-8089-36ac7e219908",
        "type": "genericNode",
        "position": {
          "x": 150,
          "y": 500
        },
        "data": {
          "type": "CustomComponent",
          "node": {
            "template": {
              "phase_name": {
                "required": true,
                "value": "Phase 3: Clinical Journey Generation",
                "type": "str",
                "display_name": "Phase Name"
              },
              "phase_index": {
                "required": true,
                "value": 2,
                "type": "int",
                "display_name": "Phase Index"
              },
              "input_data": {
                "required": true,
                "value": "",
                "type": "str",
                "display_name": "Input Data"
              }
            },
            "description": "Synthetic Ascension Phase 3: Clinical Journey Generation",
            "display_name": "Phase 3: Clinical Journey Generation",
            "outputs": [
              {
                "types": [
                  "Data"
                ],
                "name": "phase_output",
                "display_name": "Phase Output"
              }
            ]
          },
          "id": "4456503b-4394-4060-8089-36ac7e219908"
        },
        "selected": false,
        "positionAbsolute": {
          "x": 150,
          "y": 500
        }
      },
      {
        "id": "2bf8f5ef-5cab-409a-ac36-2162f9116ba9",
        "type": "genericNode",
        "position": {
          "x": 150,
          "y": 700
        },
        "data": {
          "type": "CustomComponent",
          "node": {
            "template": {
              "phase_name": {
                "required": true,
                "value": "Phase 4: Data Robustness Enhancement",
                "type": "str",
                "display_name": "Phase Name"
              },
              "phase_index": {
                "required": true,
                "value": 3,
                "type": "int",
                "display_name": "Phase Index"
              },
              "input_data": {
                "required": true,
                "value": "",
                "type": "str",
                "display_name": "Input Data"
              }
            },
            "description": "Synthetic Ascension Phase 4: Data Robustness Enhancement",
            "display_name": "Phase 4: Data Robustness Enhancement",
            "outputs": [
              {
                "types": [
                  "Data"
                ],
                "name": "phase_output",
                "display_name": "Phase Output"
              }
            ]
          },
          "id": "2bf8f5ef-5cab-409a-ac36-2162f9116ba9"
        },
        "selected": false,
        "positionAbsolute": {
          "x": 150,
          "y": 700
        }
      },
      {
        "id": "023ae26f-461d-4751-bf75-a9a16351010f",
        "type": "genericNode",
        "position": {
          "x": 150,
          "y": 900
        },
        "data": {
          "type": "CustomComponent",
          "node": {
            "template": {
              "phase_name": {
                "required": true,
                "value": "Phase 5: QA & Validation",
                "type": "str",
                "display_name": "Phase Name"
              },
              "phase_index": {
                "required": true,
                "value": 4,
                "type": "int",
                "display_name": "Phase Index"
              },
              "input_data": {
                "required": true,
                "value": "",
                "type": "str",
                "display_name": "Input Data"
              }
            },
            "description": "Synthetic Ascension Phase 5: QA & Validation",
            "display_name": "Phase 5: QA & Validation",
            "outputs": [
              {
                "types": [
                  "Data"
                ],
                "name": "phase_output",
                "display_name": "Phase Output"
              }
            ]
          },
          "id": "023ae26f-461d-4751-bf75-a9a16351010f"
        },
        "selected": false,
        "positionAbsolute": {
          "x": 150,
          "y": 900
        }
      },
      {
        "id": "b86b836d-2be7-49e9-b14b-e435d29a798d",
        "type": "genericNode",
        "position": {
          "x": 150,
          "y": 1100
        },
        "data": {
          "type": "CustomComponent",
          "node": {
            "template": {
              "phase_name": {
                "required": true,
                "value": "Phase 6: Reporting & Export",
                "type": "str",
                "display_name": "Phase Name"
              },
              "phase_index": {
                "required": true,
                "value": 5,
                "type": "int",
                "display_name": "Phase Index"
              },
              "input_data": {
                "required": true,
                "value": "",
                "type": "str",
                "display_name": "Input Data"
              }
            },
            "description": "Synthetic Ascension Phase 6: Reporting & Export",
            "display_name": "Phase 6: Reporting & Export",
            "outputs": [
              {
                "types": [
                  "Data"
                ],
                "name": "phase_output",
                "display_name": "Phase Output"
              }
            ]
          },
          "id": "b86b836d-2be7-49e9-b14b-e435d29a798d"
        },
        "selected": false,
        "positionAbsolute": {
          "x": 150,
          "y": 1100
        }
      }
    ],
    "edges": [
      {
        "source": "113ec81c-9317-491c-a273-999422fd80cc",
        "sourceHandle": "113ec81c-9317-491c-a273-999422fd80cc-output",
        "target": "5a062a95-b345-4dd1-b5b2-2a849b61b216",
        "targetHandle": "5a062a95-b345-4dd1-b5b2-2a849b61b216-input",
        "type": "smoothstep",
        "id": "7bb7b8ce-fd9c-4c80-97b9-cb789161f746",
        "data": {
          "targetHandle": {
            "fieldName": "input_data",
            "id": "5a062a95-b345-4dd1-b5b2-2a849b61b216",
            "inputTypes": [
              "Data"
            ],
            "type": "str"
          },
          "sourceHandle": {
            "fieldName": "phase_output",
            "id": "113ec81c-9317-491c-a273-999422fd80cc",
            "outputTypes": [
              "Data"
            ],
            "type": "Data"
          }
        },
        "selected": false
      },
      {
        "source": "5a062a95-b345-4dd1-b5b2-2a849b61b216",
        "sourceHandle": "5a062a95-b345-4dd1-b5b2-2a849b61b216-output",
        "target": "4456503b-4394-4060-8089-36ac7e219908",
        "targetHandle": "4456503b-4394-4060-8089-36ac7e219908-input",
        "type": "smoothstep",
        "id": "28e7112f-7f68-4b48-be40-08bb47bdc324",
        "data": {
          "targetHandle": {
            "fieldName": "input_data",
            "id": "4456503b-4394-4060-8089-36ac7e219908",
            "inputTypes": [
              "Data"
            ],
            "type": "str"
          },
          "sourceHandle": {
            "fieldName": "phase_output",
            "id": "5a062a95-b345-4dd1-b5b2-2a849b61b216",
            "outputTypes": [
              "Data"
            ],
            "type": "Data"
          }
        },
        "selected": false
      },
      {
        "source": "4456503b-4394-4060-8089-36ac7e219908",
        "sourceHandle": "4456503b-4394-4060-8089-36ac7e219908-output",
        "target": "2bf8f5ef-5cab-409a-ac36-2162f9116ba9",
        "targetHandle": "2bf8f5ef-5cab-409a-ac36-2162f9116ba9-input",
        "type": "smoothstep",
        "id": "2ef6c3fe-6202-46f1-b006-e68c710cbf47",
        "data": {
          "targetHandle": {
            "fieldName": "input_data",
            "id": "2bf8f5ef-5cab-409a-ac36-2162f9116ba9",
            "inputTypes": [
              "Data"
            ],
            "type": "str"
          },
          "sourceHandle": {
            "fieldName": "phase_output",
            "id": "4456503b-4394-4060-8089-36ac7e219908",
            "outputTypes": [
              "Data"
            ],
            "type": "Data"
          }
        },
        "selected": false
      },
      {
        "source": "2bf8f5ef-5cab-409a-ac36-2162f9116ba9",
        "sourceHandle": "2bf8f5ef-5cab-409a-ac36-2162f9116ba9-output",
        "target": "023ae26f-461d-4751-bf75-a9a16351010f",
        "targetHandle": "023ae26f-461d-4751-bf75-a9a16351010f-input",
        "type": "smoothstep",
        "id": "14327260-8f9f-4784-9f59-60ed4016fc39",
        "data": {
          "targetHandle": {
            "fieldName": "input_data",
            "id": "023ae26f-461d-4751-bf75-a9a16351010f",
            "inputTypes": [
              "Data"
            ],
            "type": "str"
          },
          "sourceHandle": {
            "fieldName": "phase_output",
            "id": "2bf8f5ef-5cab-409a-ac36-2162f9116ba9",
            "outputTypes": [
              "Data"
            ],
            "type": "Data"
          }
        },
        "selected": false
      },
      {
        "source": "023ae26f-461d-4751-bf75-a9a16351010f",
        "sourceHandle": "023ae26f-461d-4751-bf75-a9a16351010f-output",
        "target": "b86b836d-2be7-49e9-b14b-e435d29a798d",
        "targetHandle": "b86b836d-2be7-49e9-b14b-e435d29a798d-input",
        "type": "smoothstep",
        "id": "b4d416ea-7725-4d36-a833-71ff38de8a13",
        "data": {
          "targetHandle": {
            "fieldName": "input_data",
            "id": "b86b836d-2be7-49e9-b14b-e435d29a798d",
            "inputTypes": [
              "Data"
            ],
            "type": "str"
          },
          "sourceHandle": {
            "fieldName": "phase_output",
            "id": "023ae26f-461d-4751-bf75-a9a16351010f",
            "outputTypes": [
              "Data"
            ],
            "type": "Data"
          }
        },
        "selected": false
      }
    ],
    "viewport": {
      "x": 0,
      "y": 0,
      "zoom": 0.7
    }
  },
  "is_component": false,
  "updated_at": "2025-07-02T02:05:08.054906",
  "folder_id": null,
  "endpoint_name": null
}